RadioId;Experiment;Room;TrackerId;ObjectId;Xr;Yr;Zr;Xrgt;Yrgt;Zrgt
1;1_2_3;LivingRoom;D;Chair;-1.139;-0.224;0.982;-1.244;-0.377;0.557
2;1_2_3;LivingRoom;E;Table.001;-1.745;2.463;-3.108;-1.196;0.731;0.348
3;1_2_3;LivingRoom;F;Vase.006;-1.941;-0.682;0.967;-2.09;-0.953;0.866
4;1_2_3;Bathroom;G;Sink;-4.495;-0.842;0.745;-4.68;-0.967;0.726
5;1_2_3;Bathroom;H;Toilet;-5.529;-0.038;0.161;-5.983;-0.403;0.467
6;1_2_3;Kitchen;I;Sink.001;-8.89;3.576;0.292;-8.803;3.63;0.708
7;1_2_3;Kitchen;J;Shelf.003;-7.39;2.703;1.803;-7.674;2.667;1.837
8;1_2_3;Bedroom;K;Lamp.019;-7.592;0.058;0.14;-7.726;0.053;0.348
9;2_3_4;LivingRoom;D;Chair;-1.13;-0.249;1.032;-1.244;-0.377;0.557
10;2_3_4;LivingRoom;E;Table.001;-1.249;0.754;0.324;-1.196;0.731;0.348
11;2_3_4;LivingRoom;F;Vase.006;-1.956;-0.742;0.981;-2.09;-0.953;0.866
12;2_3_4;Bathroom;G;Sink;-4.473;-0.845;0.77;-4.68;-0.967;0.726
13;2_3_4;Bathroom;H;Toilet;-5.559;-0.035;0.127;-5.983;-0.403;0.467
14;2_3_4;Kitchen;I;Sink.001;-8.89;3.558;0.271;-8.803;3.63;0.708
15;2_3_4;Kitchen;J;Shelf.003;-7.383;2.707;1.815;-7.674;2.667;1.837
16;2_3_4;Bedroom;K;Lamp.019;-7.6;0.056;0.144;-7.726;0.053;0.348
17;3_4_5;LivingRoom;D;Chair;-1.124;-0.242;0.969;-1.244;-0.377;0.557
18;3_4_5;LivingRoom;E;Table.001;-1.256;0.755;0.467;-1.196;0.731;0.348
19;3_4_5;LivingRoom;F;Vase.006;-1.99;-0.775;1;-2.09;-0.953;0.866
20;3_4_5;Bathroom;G;Sink;-4.48;-0.844;0.761;-4.68;-0.967;0.726
21;3_4_5;Bathroom;H;Toilet;-5.576;-0.05;0.134;-5.983;-0.403;0.467
22;3_4_5;Kitchen;I;Sink.001;-8.891;3.552;0.265;-8.803;3.63;0.708
23;3_4_5;Kitchen;J;Shelf.003;-7.382;2.705;1.831;-7.674;2.667;1.837
24;3_4_5;Bedroom;K;Lamp.019;-7.618;0.071;0.165;-7.726;0.053;0.348
25;4_5_6;LivingRoom;D;Chair;-1.138;-0.288;0.927;-1.244;-0.377;0.557
26;4_5_6;LivingRoom;E;Table.001;-1.404;1.403;-0.864;-1.196;0.731;0.348
27;4_5_6;LivingRoom;F;Vase.006;-5.599;-0.021;2.66;-2.09;-0.953;0.866
28;4_5_6;Bathroom;G;Sink;-4.48;-0.841;0.768;-4.68;-0.967;0.726
29;4_5_6;Bathroom;H;Toilet;-5.595;-0.024;0.097;-5.983;-0.403;0.467
30;4_5_6;Kitchen;I;Sink.001;-8.898;3.559;0.311;-8.803;3.63;0.708
31;4_5_6;Kitchen;J;Shelf.003;-7.373;2.697;1.821;-7.674;2.667;1.837
32;4_5_6;Bedroom;K;Lamp.019;-7.61;0.064;0.17;-7.726;0.053;0.348
33;5_6_7;LivingRoom;D;Chair;-1.067;-0.311;0.334;-1.244;-0.377;0.557
34;5_6_7;LivingRoom;E;Table.001;-1.25;0.787;0.604;-1.196;0.731;0.348
35;5_6_7;LivingRoom;F;Vase.006;-2.097;-0.754;0.955;-2.09;-0.953;0.866
36;5_6_7;Bathroom;G;Sink;-4.482;-0.837;0.764;-4.68;-0.967;0.726
37;5_6_7;Bathroom;H;Toilet;-5.566;-0.032;0.152;-5.983;-0.403;0.467
38;5_6_7;Kitchen;I;Sink.001;-8.919;3.573;0.295;-8.803;3.63;0.708
39;5_6_7;Kitchen;J;Shelf.003;-7.365;2.703;1.838;-7.674;2.667;1.837
40;5_6_7;Bedroom;K;Lamp.019;-7.629;0.047;0.197;-7.726;0.053;0.348
41;6_7_8;LivingRoom;D;Chair;-1.146;-0.244;1.044;-1.244;-0.377;0.557
42;6_7_8;LivingRoom;E;Table.001;-1.78;2.961;0.661;-1.196;0.731;0.348
43;6_7_8;LivingRoom;F;Vase.006;-2.073;-0.689;0.983;-2.09;-0.953;0.866
44;6_7_8;Bathroom;G;Sink;-4.502;-0.842;0.75;-4.68;-0.967;0.726
45;6_7_8;Bathroom;H;Toilet;-5.535;-0.054;0.167;-5.983;-0.403;0.467
46;6_7_8;Kitchen;I;Sink.001;-8.918;3.652;0.457;-8.803;3.63;0.708
47;6_7_8;Kitchen;J;Shelf.003;-7.374;2.722;1.842;-7.674;2.667;1.837
48;6_7_8;Bedroom;K;Lamp.019;-7.621;0.059;0.174;-7.726;0.053;0.348
49;7_8_9;LivingRoom;D;Chair;-1.15;-0.236;0.946;-1.244;-0.377;0.557
50;7_8_9;LivingRoom;E;Table.001;-1.257;0.793;0.465;-1.196;0.731;0.348
51;7_8_9;LivingRoom;F;Vase.006;-1.977;-0.733;0.982;-2.09;-0.953;0.866
52;7_8_9;Bathroom;G;Sink;-4.475;-0.835;0.765;-4.68;-0.967;0.726
53;7_8_9;Bathroom;H;Toilet;-5.552;-0.032;0.155;-5.983;-0.403;0.467
54;7_8_9;Kitchen;I;Sink.001;-8.952;3.741;0.599;-8.803;3.63;0.708
55;7_8_9;Kitchen;J;Shelf.003;-7.367;2.711;1.829;-7.674;2.667;1.837
56;7_8_9;Bedroom;K;Lamp.019;-7.611;0.062;0.161;-7.726;0.053;0.348
57;8_9_10;LivingRoom;D;Chair;-1.14;-0.265;0.86;-1.244;-0.377;0.557
58;8_9_10;LivingRoom;E;Table.001;-1.252;0.75;0.446;-1.196;0.731;0.348
59;8_9_10;LivingRoom;F;Vase.006;-2.002;-0.775;0.964;-2.09;-0.953;0.866
60;8_9_10;Bathroom;G;Sink;-4.491;-0.837;0.762;-4.68;-0.967;0.726
61;8_9_10;Bathroom;H;Toilet;-5.519;-0.061;0.195;-5.983;-0.403;0.467
62;8_9_10;Kitchen;I;Sink.001;-8.924;3.668;0.5;-8.803;3.63;0.708
63;8_9_10;Kitchen;J;Shelf.003;-7.363;2.711;1.831;-7.674;2.667;1.837
64;8_9_10;Bedroom;K;Lamp.019;-7.607;0.063;0.174;-7.726;0.053;0.348
65;9_10_11;LivingRoom;D;Chair;-1.124;-0.238;0.966;-1.244;-0.377;0.557
66;9_10_11;LivingRoom;E;Table.001;-1.254;0.759;0.389;-1.196;0.731;0.348
67;9_10_11;LivingRoom;F;Vase.006;-1.965;-0.725;1.071;-2.09;-0.953;0.866
68;9_10_11;Bathroom;G;Sink;-4.49;-0.837;0.747;-4.68;-0.967;0.726
69;9_10_11;Bathroom;H;Toilet;-5.551;-0.05;0.161;-5.983;-0.403;0.467
70;9_10_11;Kitchen;I;Sink.001;-9.086;3.605;0.393;-8.803;3.63;0.708
71;9_10_11;Kitchen;J;Shelf.003;-7.346;2.673;1.789;-7.674;2.667;1.837
72;9_10_11;Bedroom;K;Lamp.019;-7.612;0.061;0.162;-7.726;0.053;0.348
73;10_11_12;LivingRoom;D;Chair;-1.134;-0.24;0.954;-1.244;-0.377;0.557
74;10_11_12;LivingRoom;E;Table.001;-1.257;0.78;0.393;-1.196;0.731;0.348
75;10_11_12;LivingRoom;F;Vase.006;-1.965;-0.725;1.023;-2.09;-0.953;0.866
76;10_11_12;Bathroom;G;Sink;-4.48;-0.839;0.768;-4.68;-0.967;0.726
77;10_11_12;Bathroom;H;Toilet;-5.536;-0.03;0.153;-5.983;-0.403;0.467
78;10_11_12;Kitchen;I;Sink.001;-9.017;3.633;0.451;-8.803;3.63;0.708
79;10_11_12;Kitchen;J;Shelf.003;-7.347;2.681;1.806;-7.674;2.667;1.837
80;10_11_12;Bedroom;K;Lamp.019;-7.626;0.049;0.182;-7.726;0.053;0.348
81;11_12_13;LivingRoom;D;Chair;-1.13;-0.243;0.978;-1.244;-0.377;0.557
82;11_12_13;LivingRoom;E;Table.001;-1.247;0.781;0.41;-1.196;0.731;0.348
83;11_12_13;LivingRoom;F;Vase.006;-1.983;-0.736;1.027;-2.09;-0.953;0.866
84;11_12_13;Bathroom;G;Sink;-4.464;-0.846;0.803;-4.68;-0.967;0.726
85;11_12_13;Bathroom;H;Toilet;-5.547;-0.043;0.148;-5.983;-0.403;0.467
86;11_12_13;Kitchen;I;Sink.001;-9.001;3.646;0.493;-8.803;3.63;0.708
87;11_12_13;Kitchen;J;Shelf.003;-7.368;2.688;1.799;-7.674;2.667;1.837
88;11_12_13;Bedroom;K;Lamp.019;-7.622;0.062;0.173;-7.726;0.053;0.348
89;12_13_14;LivingRoom;D;Chair;-1.107;-0.259;0.89;-1.244;-0.377;0.557
90;12_13_14;LivingRoom;E;Table.001;-1.232;0.744;0.449;-1.196;0.731;0.348
91;12_13_14;LivingRoom;F;Vase.006;-1.963;-0.764;0.968;-2.09;-0.953;0.866
92;12_13_14;Bathroom;G;Sink;-4.519;-0.859;0.823;-4.68;-0.967;0.726
93;12_13_14;Bathroom;H;Toilet;-5.541;0.021;0.123;-5.983;-0.403;0.467
94;12_13_14;Kitchen;I;Sink.001;-9.067;3.645;0.478;-8.803;3.63;0.708
95;12_13_14;Kitchen;J;Shelf.003;-7.378;2.705;1.876;-7.674;2.667;1.837
96;12_13_14;Bedroom;K;Lamp.019;-7.618;0.056;0.161;-7.726;0.053;0.348
97;13_14_15;LivingRoom;D;Chair;-1.188;-0.26;0.812;-1.244;-0.377;0.557
98;13_14_15;LivingRoom;E;Table.001;-1.208;0.84;0.376;-1.196;0.731;0.348
99;13_14_15;LivingRoom;F;Vase.006;-1.952;-0.753;1.04;-2.09;-0.953;0.866
100;13_14_15;Bathroom;G;Sink;-4.197;-0.776;0.95;-4.68;-0.967;0.726
101;13_14_15;Bathroom;H;Toilet;-5.336;-0.032;0.369;-5.983;-0.403;0.467
102;13_14_15;Kitchen;I;Sink.001;-8.971;3.575;0.384;-8.803;3.63;0.708
103;13_14_15;Kitchen;J;Shelf.003;-7.386;2.774;1.96;-7.674;2.667;1.837
104;13_14_15;Bedroom;K;Lamp.019;-7.631;0.049;0.193;-7.726;0.053;0.348
105;14_15_16;LivingRoom;D;Chair;-1.151;-0.236;0.861;-1.244;-0.377;0.557
106;14_15_16;LivingRoom;E;Table.001;-1.175;0.669;0.219;-1.196;0.731;0.348
107;14_15_16;LivingRoom;F;Vase.006;-1.954;-0.752;1.05;-2.09;-0.953;0.866
108;14_15_16;Bathroom;G;Sink;-4.444;-0.843;0.827;-4.68;-0.967;0.726
109;14_15_16;Bathroom;H;Toilet;-5.289;-0.014;0.431;-5.983;-0.403;0.467
110;14_15_16;Kitchen;I;Sink.001;-8.98;3.578;0.374;-8.803;3.63;0.708
111;14_15_16;Kitchen;J;Shelf.003;-7.382;2.769;1.97;-7.674;2.667;1.837
112;14_15_16;Bedroom;K;Lamp.019;-7.624;0.046;0.198;-7.726;0.053;0.348
113;15_16_17;LivingRoom;D;Chair;-1.243;-0.246;0.519;-1.244;-0.377;0.557
114;15_16_17;LivingRoom;E;Table.001;-1.23;0.819;0.399;-1.196;0.731;0.348
115;15_16_17;LivingRoom;F;Vase.006;-3.27;-0.528;1.597;-2.09;-0.953;0.866
116;15_16_17;Bathroom;G;Sink;-4.149;-0.764;0.914;-4.68;-0.967;0.726
117;15_16_17;Bathroom;H;Toilet;-5.592;-0.068;0.1;-5.983;-0.403;0.467
118;15_16_17;Kitchen;I;Sink.001;-8.988;3.582;0.354;-8.803;3.63;0.708
119;15_16_17;Kitchen;J;Shelf.003;-7.383;2.767;1.95;-7.674;2.667;1.837
120;15_16_17;Bedroom;K;Lamp.019;-7.612;0.056;0.189;-7.726;0.053;0.348
121;16_17_18;LivingRoom;D;Chair;-1.238;-0.229;0.7;-1.244;-0.377;0.557
122;16_17_18;LivingRoom;E;Table.001;-1.262;0.929;0.418;-1.196;0.731;0.348
123;16_17_18;LivingRoom;F;Vase.006;-1.953;-0.78;1.153;-2.09;-0.953;0.866
124;16_17_18;Bathroom;G;Sink;-4.534;-0.848;0.733;-4.68;-0.967;0.726
125;16_17_18;Bathroom;H;Toilet;-5.573;-0.024;0.118;-5.983;-0.403;0.467
126;16_17_18;Kitchen;I;Sink.001;-8.973;3.59;0.382;-8.803;3.63;0.708
127;16_17_18;Kitchen;J;Shelf.003;-7.377;2.752;1.932;-7.674;2.667;1.837
128;16_17_18;Bedroom;K;Lamp.019;-7.606;0.084;0.177;-7.726;0.053;0.348
129;17_18_19;LivingRoom;D;Chair;-1.25;-0.246;0.563;-1.244;-0.377;0.557
130;17_18_19;LivingRoom;E;Table.001;-1.232;0.778;0.428;-1.196;0.731;0.348
131;17_18_19;LivingRoom;F;Vase.006;-1.981;-0.759;1.087;-2.09;-0.953;0.866
132;17_18_19;Bathroom;G;Sink;-4.482;-0.841;0.761;-4.68;-0.967;0.726
133;17_18_19;Bathroom;H;Toilet;-5.595;-0.013;0.098;-5.983;-0.403;0.467
134;17_18_19;Kitchen;I;Sink.001;-8.973;3.585;0.391;-8.803;3.63;0.708
135;17_18_19;Kitchen;J;Shelf.003;-7.378;2.749;1.932;-7.674;2.667;1.837
136;17_18_19;Bedroom;K;Lamp.019;-3.763;1.941;-2.434;-7.726;0.053;0.348
137;18_19_20;LivingRoom;D;Chair;-1.249;-0.259;0.547;-1.244;-0.377;0.557
138;18_19_20;LivingRoom;E;Table.001;-1.23;0.78;0.456;-1.196;0.731;0.348
139;18_19_20;LivingRoom;F;Vase.006;-1.964;-0.765;1.09;-2.09;-0.953;0.866
140;18_19_20;Bathroom;G;Sink;-4.489;-0.833;0.757;-4.68;-0.967;0.726
141;18_19_20;Bathroom;H;Toilet;-5.585;-0.02;0.11;-5.983;-0.403;0.467
142;18_19_20;Kitchen;I;Sink.001;-8.973;3.578;0.382;-8.803;3.63;0.708
143;18_19_20;Kitchen;J;Shelf.003;-7.367;2.738;1.925;-7.674;2.667;1.837
144;18_19_20;Bedroom;K;Lamp.019;-7.636;0.036;0.215;-7.726;0.053;0.348
145;19_20_21;LivingRoom;D;Chair;-0.223;-0.332;3.441;-1.244;-0.377;0.557
146;19_20_21;LivingRoom;E;Table.001;-1.228;0.767;0.392;-1.196;0.731;0.348
147;19_20_21;LivingRoom;F;Vase.006;-1.971;-0.814;1.017;-2.09;-0.953;0.866
148;19_20_21;Bathroom;G;Sink;-4.476;-0.841;0.779;-4.68;-0.967;0.726
149;19_20_21;Bathroom;H;Toilet;-5.587;-0.026;0.118;-5.983;-0.403;0.467
150;19_20_21;Kitchen;I;Sink.001;-8.972;3.586;0.385;-8.803;3.63;0.708
151;19_20_21;Kitchen;J;Shelf.003;-7.374;2.743;1.937;-7.674;2.667;1.837
152;19_20_21;Bedroom;K;Lamp.019;-8.185;-0.026;-0.188;-7.726;0.053;0.348
153;20_21_22;LivingRoom;D;Chair;-1.251;-0.258;0.616;-1.244;-0.377;0.557
154;20_21_22;LivingRoom;E;Table.001;-1.245;0.79;0.376;-1.196;0.731;0.348
155;20_21_22;LivingRoom;F;Vase.006;-1.939;-0.759;1.006;-2.09;-0.953;0.866
156;20_21_22;Bathroom;G;Sink;-4.464;-0.84;0.786;-4.68;-0.967;0.726
157;20_21_22;Bathroom;H;Toilet;-5.57;-0.044;0.128;-5.983;-0.403;0.467
158;20_21_22;Kitchen;I;Sink.001;-8.956;3.596;0.418;-8.803;3.63;0.708
159;20_21_22;Kitchen;J;Shelf.003;-7.364;2.734;1.924;-7.674;2.667;1.837
160;20_21_22;Bedroom;K;Lamp.019;-7.637;0.041;0.198;-7.726;0.053;0.348
161;21_22_23;LivingRoom;D;Chair;-1.214;-0.266;0.643;-1.244;-0.377;0.557
162;21_22_23;LivingRoom;E;Table.001;-1.235;0.78;0.398;-1.196;0.731;0.348
163;21_22_23;LivingRoom;F;Vase.006;-5.386;-3.457;0.359;-2.09;-0.953;0.866
164;21_22_23;Bathroom;G;Sink;-4.478;-0.841;0.768;-4.68;-0.967;0.726
165;21_22_23;Bathroom;H;Toilet;-5.563;-0.028;0.155;-5.983;-0.403;0.467
166;21_22_23;Kitchen;I;Sink.001;-8.965;3.591;0.398;-8.803;3.63;0.708
167;21_22_23;Kitchen;J;Shelf.003;-7.372;2.743;1.925;-7.674;2.667;1.837
168;21_22_23;Bedroom;K;Lamp.019;-7.629;0.072;0.192;-7.726;0.053;0.348
169;22_23_24;LivingRoom;D;Chair;-0.902;-0.43;-1.541;-1.244;-0.377;0.557
170;22_23_24;LivingRoom;E;Table.001;-1.24;0.78;0.442;-1.196;0.731;0.348
171;22_23_24;LivingRoom;F;Vase.006;-1.911;-0.755;1.091;-2.09;-0.953;0.866
172;22_23_24;Bathroom;G;Sink;-4.484;-0.837;0.758;-4.68;-0.967;0.726
173;22_23_24;Bathroom;H;Toilet;-5.526;-0.025;0.174;-5.983;-0.403;0.467
174;22_23_24;Kitchen;I;Sink.001;-8.998;3.621;0.457;-8.803;3.63;0.708
175;22_23_24;Kitchen;J;Shelf.003;-7.385;2.753;1.928;-7.674;2.667;1.837
176;22_23_24;Bedroom;K;Lamp.019;-7.601;0.072;0.187;-7.726;0.053;0.348
177;23_24_25;LivingRoom;D;Chair;-1.148;-0.252;0.902;-1.244;-0.377;0.557
178;23_24_25;LivingRoom;E;Table.001;-1.23;0.766;0.402;-1.196;0.731;0.348
179;23_24_25;LivingRoom;F;Vase.006;-1.967;-0.743;1.013;-2.09;-0.953;0.866
180;23_24_25;Bathroom;G;Sink;-4.485;-0.842;0.764;-4.68;-0.967;0.726
181;23_24_25;Bathroom;H;Toilet;-5.553;-0.039;0.142;-5.983;-0.403;0.467
182;23_24_25;Kitchen;I;Sink.001;-9.623;3.759;-1.138;-8.803;3.63;0.708
183;23_24_25;Kitchen;J;Shelf.003;-7.382;2.743;1.925;-7.674;2.667;1.837
184;23_24_25;Bedroom;K;Lamp.019;-3.069;2.257;-2.936;-7.726;0.053;0.348
185;24_25_26;LivingRoom;D;Chair;-1.147;-0.235;0.954;-1.244;-0.377;0.557
186;24_25_26;LivingRoom;E;Table.001;-1.232;0.799;0.394;-1.196;0.731;0.348
187;24_25_26;LivingRoom;F;Vase.006;-1.958;-0.753;0.974;-2.09;-0.953;0.866
188;24_25_26;Bathroom;G;Sink;-4.491;-0.855;0.771;-4.68;-0.967;0.726
189;24_25_26;Bathroom;H;Toilet;-4.99;0.618;-0.017;-5.983;-0.403;0.467
190;24_25_26;Kitchen;I;Sink.001;-8.977;3.595;0.388;-8.803;3.63;0.708
191;24_25_26;Kitchen;J;Shelf.003;-7.38;2.735;1.918;-7.674;2.667;1.837
192;24_25_26;Bedroom;K;Lamp.019;-7.605;0.065;0.154;-7.726;0.053;0.348
193;25_26_27;LivingRoom;D;Chair;-1.155;-0.25;0.906;-1.244;-0.377;0.557
194;25_26_27;LivingRoom;E;Table.001;-1.234;0.755;0.459;-1.196;0.731;0.348
195;25_26_27;LivingRoom;F;Vase.006;-1.951;-0.741;0.932;-2.09;-0.953;0.866
196;25_26_27;Bathroom;G;Sink;-5.242;-1.019;-0.176;-4.68;-0.967;0.726
197;25_26_27;Bathroom;H;Toilet;-5.532;-0.093;0.21;-5.983;-0.403;0.467
198;25_26_27;Kitchen;I;Sink.001;-8.962;3.59;0.392;-8.803;3.63;0.708
199;25_26_27;Kitchen;J;Shelf.003;-7.366;2.718;1.906;-7.674;2.667;1.837
200;25_26_27;Bedroom;K;Lamp.019;-7.612;0.079;0.233;-7.726;0.053;0.348
201;26_27_28;LivingRoom;D;Chair;-1.163;-0.264;0.836;-1.244;-0.377;0.557
202;26_27_28;LivingRoom;E;Table.001;-1.255;0.798;0.406;-1.196;0.731;0.348
203;26_27_28;LivingRoom;F;Vase.006;-1.92;-0.708;1.034;-2.09;-0.953;0.866
204;26_27_28;Bathroom;G;Sink;-5.083;-1.033;0.076;-4.68;-0.967;0.726
205;26_27_28;Bathroom;H;Toilet;-5.524;-0.161;0.204;-5.983;-0.403;0.467
206;26_27_28;Kitchen;I;Sink.001;-8.976;3.584;0.379;-8.803;3.63;0.708
207;26_27_28;Kitchen;J;Shelf.003;-7.381;2.735;1.918;-7.674;2.667;1.837
208;26_27_28;Bedroom;K;Lamp.019;-7.603;0.055;0.207;-7.726;0.053;0.348
209;27_28_29;LivingRoom;D;Chair;-1.139;-0.259;0.888;-1.244;-0.377;0.557
210;27_28_29;LivingRoom;E;Table.001;-1.237;0.788;0.4;-1.196;0.731;0.348
211;27_28_29;LivingRoom;F;Vase.006;-1.985;-0.765;0.952;-2.09;-0.953;0.866
212;27_28_29;Bathroom;G;Sink;-5.095;-0.971;-0.171;-4.68;-0.967;0.726
213;27_28_29;Bathroom;H;Toilet;-5.574;-0.168;0.183;-5.983;-0.403;0.467
214;27_28_29;Kitchen;I;Sink.001;-8.948;3.592;0.431;-8.803;3.63;0.708
215;27_28_29;Kitchen;J;Shelf.003;-8.08;2.9;0.271;-7.674;2.667;1.837
216;27_28_29;Bedroom;K;Lamp.019;-7.617;0.041;0.18;-7.726;0.053;0.348
217;28_29_30;LivingRoom;D;Chair;-1.157;-0.25;0.858;-1.244;-0.377;0.557
218;28_29_30;LivingRoom;E;Table.001;-1.246;0.791;0.443;-1.196;0.731;0.348
219;28_29_30;LivingRoom;F;Vase.006;-1.942;-0.751;1.03;-2.09;-0.953;0.866
220;28_29_30;Bathroom;G;Sink;-5.301;-1.006;-0.274;-4.68;-0.967;0.726
221;28_29_30;Bathroom;H;Toilet;-5.572;-0.103;0.149;-5.983;-0.403;0.467
222;28_29_30;Kitchen;I;Sink.001;-9.216;3.387;1.477;-8.803;3.63;0.708
223;28_29_30;Kitchen;J;Shelf.003;-7.377;2.74;1.9;-7.674;2.667;1.837
224;28_29_30;Bedroom;K;Lamp.019;-7.623;0.033;0.21;-7.726;0.053;0.348
225;29_30_31;LivingRoom;D;Chair;-1.134;-0.241;0.935;-1.244;-0.377;0.557
226;29_30_31;LivingRoom;E;Table.001;-1.236;0.78;0.423;-1.196;0.731;0.348
227;29_30_31;LivingRoom;F;Vase.006;-1.945;-0.752;0.938;-2.09;-0.953;0.866
228;29_30_31;Bathroom;G;Sink;-5.123;-1.036;-0.038;-4.68;-0.967;0.726
229;29_30_31;Bathroom;H;Toilet;-5.557;-0.152;0.195;-5.983;-0.403;0.467
230;29_30_31;Kitchen;I;Sink.001;-8.987;3.985;1.178;-8.803;3.63;0.708
231;29_30_31;Kitchen;J;Shelf.003;-7.392;2.724;1.87;-7.674;2.667;1.837
232;29_30_31;Bedroom;K;Lamp.019;-7.596;0.064;0.136;-7.726;0.053;0.348
233;30_31_32;LivingRoom;D;Chair;-1.157;-0.238;0.919;-1.244;-0.377;0.557
234;30_31_32;LivingRoom;E;Table.001;-1.241;0.791;0.442;-1.196;0.731;0.348
235;30_31_32;LivingRoom;F;Vase.006;-1.942;-0.732;0.964;-2.09;-0.953;0.866
236;30_31_32;Bathroom;G;Sink;-5.165;-1.025;-0.087;-4.68;-0.967;0.726
237;30_31_32;Bathroom;H;Toilet;-5.585;-0.153;0.197;-5.983;-0.403;0.467
238;30_31_32;Kitchen;I;Sink.001;-8.917;3.607;0.488;-8.803;3.63;0.708
239;30_31_32;Kitchen;J;Shelf.003;-7.402;2.744;1.918;-7.674;2.667;1.837
240;30_31_32;Bedroom;K;Lamp.019;-7.599;0.054;0.15;-7.726;0.053;0.348
241;31_32_33;LivingRoom;D;Chair;-1.14;-0.25;0.886;-1.244;-0.377;0.557
242;31_32_33;LivingRoom;E;Table.001;-1.238;0.763;0.466;-1.196;0.731;0.348
243;31_32_33;LivingRoom;F;Vase.006;-1.924;-0.748;0.869;-2.09;-0.953;0.866
244;31_32_33;Bathroom;G;Sink;-5.107;-1.027;0.018;-4.68;-0.967;0.726
245;31_32_33;Bathroom;H;Toilet;-5.57;-0.063;0.143;-5.983;-0.403;0.467
246;31_32_33;Kitchen;I;Sink.001;-8.904;3.599;0.618;-8.803;3.63;0.708
247;31_32_33;Kitchen;J;Shelf.003;-7.124;2.461;1.883;-7.674;2.667;1.837
248;31_32_33;Bedroom;K;Lamp.019;-7.596;0.065;0.145;-7.726;0.053;0.348
249;32_33_34;LivingRoom;D;Chair;-1.144;-0.254;0.881;-1.244;-0.377;0.557
250;32_33_34;LivingRoom;E;Table.001;-1.254;0.796;0.45;-1.196;0.731;0.348
251;32_33_34;LivingRoom;F;Vase.006;-1.925;-0.8;0.595;-2.09;-0.953;0.866
252;32_33_34;Bathroom;G;Sink;-5.153;-1.02;-0.058;-4.68;-0.967;0.726
253;32_33_34;Bathroom;H;Toilet;-5.587;-0.061;0.136;-5.983;-0.403;0.467
254;32_33_34;Kitchen;I;Sink.001;-8.931;3.476;0.785;-8.803;3.63;0.708
255;32_33_34;Kitchen;J;Shelf.003;-7.402;2.746;1.889;-7.674;2.667;1.837
256;32_33_34;Bedroom;K;Lamp.019;-7.598;0.031;0.181;-7.726;0.053;0.348
257;33_34_35;LivingRoom;D;Chair;-1.128;-0.263;0.913;-1.244;-0.377;0.557
258;33_34_35;LivingRoom;E;Table.001;-1.236;0.781;0.517;-1.196;0.731;0.348
259;33_34_35;LivingRoom;F;Vase.006;-1.917;-0.769;0.669;-2.09;-0.953;0.866
260;33_34_35;Bathroom;G;Sink;-5.146;-1.015;-0.054;-4.68;-0.967;0.726
261;33_34_35;Bathroom;H;Toilet;-5.569;-0.076;0.155;-5.983;-0.403;0.467
262;33_34_35;Kitchen;I;Sink.001;-8.905;3.626;0.501;-8.803;3.63;0.708
263;33_34_35;Kitchen;J;Shelf.003;-7.38;2.695;1.885;-7.674;2.667;1.837
264;33_34_35;Bedroom;K;Lamp.019;-7.654;0.03;0.184;-7.726;0.053;0.348
265;34_35_36;LivingRoom;D;Chair;-1.146;-0.26;0.874;-1.244;-0.377;0.557
266;34_35_36;LivingRoom;E;Table.001;-1.238;0.776;0.513;-1.196;0.731;0.348
267;34_35_36;LivingRoom;F;Vase.006;-1.951;-0.797;0.589;-2.09;-0.953;0.866
268;34_35_36;Bathroom;G;Sink;-5.139;-1.006;-0.062;-4.68;-0.967;0.726
269;34_35_36;Bathroom;H;Toilet;-5.585;-0.037;0.118;-5.983;-0.403;0.467
270;34_35_36;Kitchen;I;Sink.001;-9.27;3.108;0.824;-8.803;3.63;0.708
271;34_35_36;Kitchen;J;Shelf.003;-7.432;2.75;1.886;-7.674;2.667;1.837
272;34_35_36;Bedroom;K;Lamp.019;-7.731;0.105;0.262;-7.726;0.053;0.348
273;35_36_37;LivingRoom;D;Chair;-1.133;-0.252;0.926;-1.244;-0.377;0.557
274;35_36_37;LivingRoom;E;Table.001;-1.221;0.793;0.501;-1.196;0.731;0.348
275;35_36_37;LivingRoom;F;Vase.006;-1.914;-0.749;0.615;-2.09;-0.953;0.866
276;35_36_37;Bathroom;G;Sink;-5.098;-1.014;0.022;-4.68;-0.967;0.726
277;35_36_37;Bathroom;H;Toilet;-5.558;-0.05;0.17;-5.983;-0.403;0.467
278;35_36_37;Kitchen;I;Sink.001;-8.965;3.602;0.431;-8.803;3.63;0.708
279;35_36_37;Kitchen;J;Shelf.003;-6.519;1.827;1.893;-7.674;2.667;1.837
280;35_36_37;Bedroom;K;Lamp.019;-7.607;0.076;0.079;-7.726;0.053;0.348
281;36_37_38;LivingRoom;D;Chair;-1.152;-0.258;0.895;-1.244;-0.377;0.557
282;36_37_38;LivingRoom;E;Table.001;-1.249;0.781;0.435;-1.196;0.731;0.348
283;36_37_38;LivingRoom;F;Vase.006;-1.889;-0.76;0.579;-2.09;-0.953;0.866
284;36_37_38;Bathroom;H;Toilet;-5.565;-0.059;0.174;-5.983;-0.403;0.467
285;36_37_38;Kitchen;I;Sink.001;-8.894;3.613;0.51;-8.803;3.63;0.708
286;36_37_38;Kitchen;J;Shelf.003;-7.431;2.746;1.893;-7.674;2.667;1.837
287;36_37_38;Bedroom;K;Lamp.019;-7.542;0.093;0.001;-7.726;0.053;0.348
288;37_38_39;LivingRoom;D;Chair;-1.144;-0.24;0.867;-1.244;-0.377;0.557
289;37_38_39;LivingRoom;E;Table.001;-1.448;1.555;0.577;-1.196;0.731;0.348
290;37_38_39;LivingRoom;F;Vase.006;-1.932;-0.802;0.571;-2.09;-0.953;0.866
291;37_38_39;Bathroom;G;Sink;-5.179;-1.018;-0.092;-4.68;-0.967;0.726
292;37_38_39;Bathroom;H;Toilet;-5.544;-0.08;0.179;-5.983;-0.403;0.467
293;37_38_39;Kitchen;I;Sink.001;-8.867;3.595;0.528;-8.803;3.63;0.708
294;37_38_39;Kitchen;J;Shelf.003;-7.417;2.737;1.892;-7.674;2.667;1.837
295;37_38_39;Bedroom;K;Lamp.019;-7.513;0.082;-0.033;-7.726;0.053;0.348
296;38_39_1;LivingRoom;D;Chair;-1.159;-0.254;0.879;-1.244;-0.377;0.557
297;38_39_1;LivingRoom;E;Table.001;-1.237;0.775;0.509;-1.196;0.731;0.348
298;38_39_1;LivingRoom;F;Vase.006;-1.94;-0.779;0.55;-2.09;-0.953;0.866
299;38_39_1;Bathroom;G;Sink;-5.196;-1.008;-0.126;-4.68;-0.967;0.726
300;38_39_1;Bathroom;H;Toilet;-5.569;-0.07;0.161;-5.983;-0.403;0.467
301;38_39_1;Kitchen;I;Sink.001;-8.878;3.597;0.527;-8.803;3.63;0.708
302;38_39_1;Kitchen;J;Shelf.003;-7.418;2.743;1.891;-7.674;2.667;1.837
303;38_39_1;Bedroom;K;Lamp.019;-7.573;0.115;0.036;-7.726;0.053;0.348
304;39_1_2;LivingRoom;D;Chair;-1.163;-0.242;0.856;-1.244;-0.377;0.557
305;39_1_2;LivingRoom;E;Table.001;-1.259;0.788;0.445;-1.196;0.731;0.348
306;39_1_2;LivingRoom;F;Vase.006;-2.008;-0.807;0.587;-2.09;-0.953;0.866
307;39_1_2;Bathroom;G;Sink;-8.369;-0.591;-4.875;-4.68;-0.967;0.726
308;39_1_2;Bathroom;H;Toilet;-5.62;-0.05;0.097;-5.983;-0.403;0.467
309;39_1_2;Kitchen;I;Sink.001;-8.885;3.609;0.533;-8.803;3.63;0.708
310;39_1_2;Kitchen;J;Shelf.003;-7.421;2.734;1.886;-7.674;2.667;1.837
311;39_1_2;Bedroom;K;Lamp.019;-7.504;0.112;-0.007;-7.726;0.053;0.348
